﻿nodeID,inType,outType,information,action,outFailInformation,outFailAction
0,纯净氯气,纯净氯气,集气瓶中收集到纯氯气,集气瓶出现气体效果 黄绿色,氯气泄露,黄绿色气体从导管出口喷出
0,含水氯气,含水氯气,集气瓶中收集到含水氯气,出现气体效果 黄绿色,氯气泄露,黄绿色气体从导管出口喷出
0,含HCL氯气,含HCL氯气,含HCL 氯气,出现气体 黄绿色,氯气泄露,黄绿色气体从导管出口喷出
0,含水HCL氯气,含水HCL氯气,含水 HCL 氯气,出现气体 黄绿色, 氯气泄露,黄绿色气体从导管出口喷出
